 nickname, teamName
 Ariden, Team 1
 Meowi, Team 1
 Ahipoki, Team 1
 LynBayes, Team 4
 リン2, Team 4
 JinoWeeno, Team 4
 Footkie, Team 5
 마탄의사수, Team 5
 Mantastyle, Team 5
 WhiteWillows, Team 2
 lauqe, Team 2
 Teaberry, Team 2
 Ghoul, Team 6
 Zoid, Team 6
 SevenStryke, Team 6
 ERTips, Team 3
 EverythingLoses, Team 3
 AhriParty, Team 3
